eta_left,339.314
eta_right,354.268
interest_rate,9.13233e-06
lambda,1.56231
prob,0.367623
s,253
sample_SD,0.00274019
sample_mu,0.000235573
sigma,0.000123968
