eta_left,313.242
eta_right,213.216
interest_rate,5.45E-06
lambda,1.24551
prob,0.217218
s,314
sample_SD,0.00563322
sample_mu,2.47E-05
sigma,0.000225238
